Start date,End date,Meeting Title
15-Mar-02,15-Mar-02,119th Meeting of the OPEC Conference
26-Jun-02,26-Jun-02,120th (Extraordinary) Meeting of the OPEC Conference
19-Sep-02,19-Sep-02,121st Meeting of the OPEC Conference
12-Dec-02,12-Dec-02,122nd (Extraordinary) Meeting of the OPEC Conference
12-Jan-03,12-Jan-03,123rd (Extraordinary) Meeting of the OPEC Conference
11-Mar-03,11-Mar-03,124th Meeting of the OPEC Conference
24-Apr-03,24-Apr-03,Consultative Meeting of the OPEC Conference
11-Jun-03,11-Jun-03,125th (Extraordinary) Meeting of the OPEC Conference
31-Jul-03,31-Jul-03,126th (Extraordinary) Meeting of the OPEC Conference
24-Sep-03,24-Sep-03,127th Meeting of the OPEC Conference
04-Dec-03,04-Dec-03,128th (Extraordinary) Meeting of the OPEC Conference
10-Feb-04,10-Feb-04,129th (Extraordinary) Meeting of the OPEC Conference
31-Mar-04,31-Mar-04,130th Meeting of the OPEC Conference
03-Jun-04,03-Jun-04,131st (Extraordinary) Meeting of the OPEC Conference
15-Sep-04,15-Sep-04,132nd Meeting of the OPEC Conference
10-Dec-04,10-Dec-04,133rd (Extraordinary) Meeting of the OPEC Conference
30-Jan-05,30-Jan-05,134th (Extraordinary) Meeting of the OPEC Conference
16-Mar-05,16-Mar-05,135th Meeting of the OPEC Conference
15-Jun-05,15-Jun-05,136th (Extraordinary) Meeting of the OPEC Conference
19-Sep-05,19-Sep-05,137th Meeting of the OPEC Conference
12-Dec-05,12-Dec-05,138th (Extraordinary) Meeting of the OPEC Conference
31-Jan-06,31-Jan-06,139th (Extraordinary) Meeting of the OPEC Conference
08-Mar-06,08-Mar-06,140th Meeting of the OPEC Conference
01-Jun-06,01-Jun-06,141st (Extraordinary) Meeting of the OPEC Conference
11-Sep-06,11-Sep-06,142nd Meeting of the OPEC Conference
14-Dec-06,14-Dec-06,143rd (Extraordinary) Meeting of the OPEC Conference
15-Mar-07,15-Mar-07,144th Meeting of the OPEC Conference
11-Sep-07,11-Sep-07,145th Meeting of the OPEC Conference
05-Dec-07,05-Dec-07,146th (Extraordinary) Meeting of the OPEC Conference
01-Feb-08,01-Feb-08,147th (Extraordinary) Meeting of the OPEC Conference
05-Mar-08,05-Mar-08,148th Meeting of the OPEC Conference
10-Sep-08,10-Sep-08,149th Meeting of the OPEC Conference
24-Oct-08,24-Oct-08,150th (Extraordinary) Meeting of the OPEC Conference
17-Dec-08,17-Dec-08,151st (Extraordinary) Meeting of the OPEC Conference
15-Mar-09,15-Mar-09,152nd (Ordinary) Meeting of the OPEC Conference
28-May-09,28-May-09,153rd (Extraordinary) Meeting of the OPEC Conference
09-Sep-09,09-Sep-09,154th (Ordinary) Meeting of the OPEC Conference
22-Dec-09,22-Dec-09,155th (Extraordinary) Meeting of the OPEC Conference
17-Mar-10,17-Mar-10,156th Meeting of the OPEC Conference
14-Oct-10,14-Oct-10,157th Meeting of the OPEC Conference
11-Dec-10,11-Dec-10,158th (Extraordinary) Meeting of the OPEC Conference
24-Jan-11,24-Jan-11,"IEA, IEF, OPEC Symposium on Energy Outlooks"
08-Jun-11,08-Jun-11,159th Meeting of the OPEC Conference
14-Dec-11,14-Dec-11,160th Meeting of the OPEC Conference
14-Jun-12,14-Jun-12,161st Meeting of the OPEC Conference
12-Dec-12,12-Dec-12,162nd Meeting of the OPEC Conference
31-May-13,31-May-13,163rd Meeting of the OPEC Conference
04-Dec-13,04-Dec-13,164th Meeting of the OPEC Conference
11-Jun-14,11-Jun-14,165th Meeting of the OPEC Conference
27-Nov-14,27-Nov-14,166th Meeting of the OPEC Conference
05-Jun-15,05-Jun-15,167th Meeting of the OPEC Conference
04-Dec-15,04-Dec-15,168th Meeting of the OPEC Conference
02-Jun-16,02-Jun-16,169th Meeting of the OPEC Conference
30-Nov-16,30-Nov-16,171st Meeting of the OPEC Conference
25-May-17,25-May-17,172nd Meeting of the OPEC Conference
25-May-17,25-May-17,2nd OPEC and non-OPEC Ministerial Meeting
31-May-17,31-May-17,Sixth Meeting of the OPEC-Russia Energy Dialogue
30-Nov-17,30-Nov-17,173rd Meeting of the OPEC Conference
22-Jun-18,22-Jun-18,174th Meeting of the OPEC Conference
23-Jun-18,23-Jun-18,4th OPEC and non-OPEC Ministerial Meeting
17-Oct-18,17-Oct-18,Third High-level Meeting of the OPEC-India Energy Dialogue
06-Dec-18,06-Dec-18,175th Meeting of the OPEC Conference
07-Dec-18,07-Dec-18,5th OPEC and non-OPEC Ministerial Meeting
01-Jul-19,01-Jul-19,176th Meeting of the OPEC Conference
02-Jul-19,02-Jul-19,6th OPEC and non-OPEC Ministerial Meeting
21-Oct-19,21-Oct-19,Third High-level Meeting of the OPEC-China Energy Dialogue
05-Dec-19,06-Dec-19,177th Meeting of the OPEC Conference
06-Dec-19,06-Dec-19,7th OPEC and non-OPEC Ministerial Meeting
05-Mar-20,05-Mar-20,178th (Extraordinary) Meeting of the OPEC Conference
09-Apr-20,09-Apr-20,9th (Extraordinary) OPEC and non-OPEC Ministerial Meeting
12-Apr-20,12-Apr-20,10th (Extraordinary) OPEC and non-OPEC Ministerial Meeting
06-Jun-20,06-Jun-20,179th Meeting of the OPEC Conference
06-Jun-20,06-Jun-20,11th OPEC and non-OPEC Ministerial Meeting
30-Nov-20,30-Nov-20,180th Meeting of the OPEC Conference
03-Dec-20,03-Dec-20,12th OPEC and non-OPEC Ministerial Meeting
05-Jan-21,05-Jan-21,13th OPEC and non-OPEC Ministerial Meeting
04-Mar-21,04-Mar-21,14th OPEC and non-OPEC Ministerial Meeting
01-Jun-21,01-Jun-21,17th OPEC and non-OPEC Ministerial Meeting
01-Jul-21,01-Jul-21,181st Meeting of the OPEC Conference
04-Nov-21,04-Nov-21,22nd OPEC and non-OPEC Ministerial Meeting
01-Dec-21,01-Dec-21,182nd Meeting of the OPEC Conference
02-Dec-21,02-Dec-21,23rd OPEC and non-OPEC Ministerial Meeting
03-Jan-22,03-Jan-22,Special Meeting of the OPEC Conference
04-Jan-22,04-Jan-22,24th OPEC and non-OPEC Ministerial Meeting
02-Feb-22,02-Feb-22,25th OPEC and non-OPEC Ministerial Meeting
02-Mar-22,02-Mar-22,26th OPEC and non-OPEC Ministerial Meeting
31-Mar-22,31-Mar-22,27th OPEC and non-OPEC Ministerial Meeting
05-May-22,05-May-22,28th OPEC and non-OPEC Ministerial Meeting
02-Jun-22,02-Jun-22,29th OPEC and non-OPEC Ministerial Meeting
30-Jun-22,30-Jun-22,30th OPEC and non-OPEC Ministerial Meeting
03-Aug-22,03-Aug-22,31st OPEC and non-OPEC Ministerial Meeting
05-Sep-22,05-Sep-22,32nd OPEC and non-OPEC Ministerial Meeting
05-Oct-22,05-Oct-22,33rd OPEC and non-OPEC Ministerial Meeting
04-Dec-22,04-Dec-22,34th OPEC and non-OPEC Ministerial Meeting
01-Feb-23,01-Feb-23,47th JMMC Meeting
12-Feb-23,12-Feb-23,2nd High-level Meeting of the OPEC-Africa Energy Dialogue
03-Apr-23,03-Apr-23,48th JMMC Meeting
27-Apr-23,27-Apr-23,9th Joint IEA-IEF-OPEC Workshop
17-May-23,17-May-23,6th High-level Meeting of the OPEC-China Energy Dialogue
04-Jun-23,04-Jun-23,35th OPEC and non-OPEC Ministerial Meeting
04-Oct-23,04-Oct-23,50th JMMC Meeting
09-Oct-23,09-Oct-23,World Oil Outlook 2023 Launch
09-Nov-23,09-Nov-23,6th High-level Meeting of the OPEC-India Energy Dialogue
30-Nov-23,30-Nov-23,36th OPEC and non-OPEC Ministerial Meeting
30-Nov-23,30-Nov-23,187th Meeting of the OPEC Conference
30-Nov-23,30-Nov-23,51st Meeting of the Joint Ministerial Monitoring Committee (JMMC)
13-Dec-23,13-Dec-23,4th High-level Meeting of the GECF-OPEC Energy Dialogue
01-Feb-24,01-Feb-24,52nd Meeting of the Joint Ministerial Monitoring Committee (JMMC)
03-Apr-24,03-Apr-24,53rd Meeting of the Joint Ministerial Monitoring Committee (JMMC)
02-Jun-24,02-Jun-24,37th OPEC and non-OPEC Ministerial Meeting (ONOMM)
02-Oct-24,02-Oct-24,56th Meeting of the Joint Ministerial Monitoring Committee (JMMC)
05-Dec-24,05-Dec-24,38th OPEC and non-OPEC Ministerial Meeting (ONOMM)
05-Dec-24,05-Dec-24,57th Meeting of the Joint Ministerial Monitoring Committee (JMMC)
10-Dec-24,10-Dec-24,189th Meeting of the OPEC Conference
28-May-25,28-May-25,39th OPEC and non-OPEC Ministerial Meeting (ONOMM)
03-Feb-25,03-Feb-25,58th Meeting of the Joint Ministerial Monitoring Committee (JMMC)
